time,sensor_A,sensor_B,sensor_C,target_value
0,0.04967141530112327,1.075698861664535,0.0025044900529581455,0.4431057984481641
1,0.052790864806274526,0.9065337279772038,-0.006083620769546914,0.294105785951658
2,0.19770747643238334,1.0819647572885915,-0.0036376707089012385,0.38729529291546577
3,0.3509723164358638,1.1243348638165371,0.0072282898718265196,0.438546555706617
4,0.24010205367120152,1.0214100681636118,0.008205491278340606,0.33795816172755516
5,0.3037810011012342,1.1565920029664516,0.009017325102418254,0.42146476931076166
6,0.5473396238593897,0.8779575692152488,-0.0050225086537168525,0.5494089135141004
7,0.5266553534712906,0.814907242516237,-0.018280527004735817,0.5295799952510659
8,0.46145911233780584,0.7431889691124571,-0.04633263244072969,0.3653601853128874
9,0.6188984777536317,1.0500515335015952,-0.011341097576990897,0.666948395115702
10,0.5720280337884907,0.9430191275257783,-0.0362183622848166,0.5375230301108435
11,0.6227768648934405,0.8469660549684602,-0.05007646624073475,0.5628026062883887
12,0.7415523180561263,0.8533324775416604,-0.0644446115521187,0.6944980113929088
13,0.57084724844806,0.6835348938192183,-0.04654612401322988,0.5260168333604262
14,0.631116480443108,1.0094173852461712,-0.05244511757907043,0.5944678998842997
15,0.7852422318837993,0.7446109870713438,-0.027490276125595754,0.5659467455674193
16,0.774312107776583,0.7076461888076548,-0.04096008861047313,0.48366712274202805
17,0.9372540948569085,0.7325598082748513,-0.03538020536599709,0.6453612828755892
18,0.8412366784151052,0.6697108914443357,-0.05208714643119224,0.6005576654132301
19,0.8128775782593541,0.6040714918917967,-0.009184163875724476,0.5364644275645121
20,1.1185027782554682,0.46125486032360846,-0.03293613225631473,0.6844777724189384
21,0.9628720999398066,0.5447178836053266,-0.026739718051774178,0.6433460655890848
22,1.0013362244038486,0.6417985710730807,-0.01406418043313221,0.6791520483468182
23,0.8568235255079537,0.5430294454996552,-0.005788198484102245,0.5576628276658799
24,0.9451353305889871,0.5216764171406134,-0.00949395166165641,0.6356045337026827
25,1.0065002167227515,0.2642007947521502,-0.012090365656324932,0.6021893061342263
26,0.8717205576409004,0.1685383465987293,-0.011214136216742741,0.4296590016845781
27,1.0114174327127625,0.20642799508307672,-0.014154176249312513,0.6353528986187553
28,0.8964848684924863,0.1755396341291105,0.00512340608658568,0.4969995990880804
29,0.9058307157216302,0.22992192121446148,0.04933386611841271,0.5327011885960785
30,0.8491267656027419,-0.09850926130377903,0.038184030418256035,0.4380581316567163
31,1.0647827560684555,0.17374985974915383,0.010787970826674478,0.5983347366874838
32,0.8445550404921526,-0.04500031215918776,0.009022329859649382,0.4582387242659121
33,0.7027253109240001,-0.12180899580147589,0.060616516612735746,0.34129946830419566
34,0.8497505491943736,-0.2300549318215414,0.04454302525334113,0.3341455313693707
35,0.6010015167412224,-0.34373172283606906,0.07732536136222248,0.23092149005254006
36,0.6963495400516265,-0.14488503629689567,0.1108793776437513,0.26969882429946174
37,0.4288725201046115,-0.2682584501056726,0.09980761280959141,0.15934823287134842
38,0.4386212433454042,-0.4522856568376088,0.11118727439329693,0.1042008799678558
39,0.5351874954083764,-0.4996887085576486,0.14375520685586768,0.1360323336444402
40,0.531119284635353,-0.4497253064761552,0.13617265203611795,0.15144970521010698
41,0.4141491393847469,-0.29417053884777344,0.1321010448340707,0.051151164729973594
42,0.32342332191708106,-0.530805239736218,0.12046742655509783,-0.0008726710383533572
43,0.24136533460335374,-0.6976719607920815,0.10017229194124048,-0.06394221749064372
44,0.058904947254140916,-0.6130754236639402,0.08718674103992034,-0.1290399856642575
45,0.06913558722039635,-0.6554459796975061,0.06270793570467521,-0.2009081702044165
46,0.028792024958948448,-0.9359646855739812,0.06338960506985973,-0.19043008013551316
47,0.11397144897519586,-0.7081425634253352,0.0479901404486869,-0.1891677588609903
48,-0.024012314470733945,-0.7604871685621133,0.052665858684501854,-0.18114627604076372
49,-0.3010521841821722,-0.7006106175659657,0.02154794576042931,-0.3350399701152057
50,-0.1581595659360059,-0.6162480060523993,0.02816555040471845,-0.2906324401949692
51,-0.29404933006846296,-0.7173970322804464,0.04483612963689694,-0.26451100416051043
52,-0.3870711235590198,-0.8837776224244303,0.004961416785467834,-0.5173584067375694
53,-0.3206301799123246,-0.9922347867524528,0.012442548182419277,-0.4095393076649142
54,-0.33942049104525734,-0.646736161692075,0.036995928031885124,-0.3063027925217252
55,-0.4081490366767248,-0.9183805352310146,0.012803107658061013,-0.5105590678298868
56,-0.6417283332355459,-0.9408294114773634,0.04625455539481508,-0.5242388139788025
57,-0.6427791285278402,-0.9601997462640908,0.05463493558213599,-0.6110248267566678
58,-0.6300644964518938,-0.9511496890728052,0.040534698466967806,-0.577835533790402
59,-0.6140228521973606,-0.9961382441908484,0.03941931691381369,-0.5849529440346112
60,-0.8047199190924574,-1.047358697288469,0.05058585516424814,-0.7131658347734472
61,-0.8172312023077097,-1.0504942186631003,0.052105962992496375,-0.6728022604962967
62,-0.9476133022797946,-1.0024104772948794,0.06288108284142375,-0.7222791417324657
63,-0.9911964348216552,-1.0543071355847187,0.04446761097983643,-0.890423434552185
64,-0.8210469220890481,-1.0695793540624696,0.04785482746055798,-0.6566092896272457
65,-0.7933904984136795,-0.9834866533113563,0.01958053752245838,-0.7709497370975387
66,-0.9588030860475495,-1.0129774916509504,0.017356016295484375,-0.7281962770428801
67,-0.8696085803595702,-0.8279623797236654,-0.0007221365338114194,-0.6270021745622678
68,-0.9478487186666924,-1.2318951734187624,-0.015432735385606751,-0.9011277799468561
69,-1.0582029790939766,-0.8436675294020586,0.009289128118601997,-0.8008846371416146
70,-0.9628153565470869,-0.8118481680410334,0.031115330530487376,-0.7740242960040529
71,-0.8459770184108919,-1.1250935292070907,0.04329809294863091,-0.7626030008922837
72,-0.9997472127468359,-0.9310271757421817,0.021451837655179332,-0.7902931057743237
73,-0.8316584183055226,-0.9106649842835169,0.015123668661283295,-0.6470209440920927
74,-1.2376654388283175,-0.9888512011821902,0.03938562266086696,-0.8420955179306621
75,-0.8767340242256162,-0.8983410260986483,0.042219960933665056,-0.6296411372161719
76,-0.9291926066602901,-0.9020252964609998,0.08860655173329894,-0.7455909832507003
77,-0.9426041984824763,-0.5841720147951458,0.09647290852118637,-0.637720215662771
78,-0.8742785780666028,-0.6323644648853942,0.100313890850987,-0.6909577599397697
79,-1.049037728358892,-0.5634955870610917,0.09413156156693697,-0.7150347313091956
80,-0.8352965803513313,-0.5814764144592884,0.09680237966258261,-0.5244881569260627
81,-0.7370532304048126,-0.7279075536472974,0.09375298293497174,-0.4873691435321895
82,-0.5809769420885342,-0.6272759731612465,0.10791515646874356,-0.5188056752928885
83,-0.7333574652941494,-0.4842712999143625,0.12704920280463525,-0.5161734950181012
84,-0.7121159981616403,-0.612473602229894,0.11132941359447625,-0.5188544848788395
85,-0.6283739461027624,-0.37478764689655397,0.08470475452332067,-0.39567425827470293
86,-0.4310208155084432,-0.42483171189578894,0.047980647061254746,-0.37384396790678964
87,-0.43172706844778885,-0.3919911458030917,0.058140473599505624,-0.3006297310217163
88,-0.4575552180143544,-0.23623687315807018,0.03607314147602815,-0.3161260100129384
89,-0.29143200865826163,-0.2149621716410222,-0.006984670383021507,-0.2123242034419557
90,-0.2697077432641219,-0.24689241601268774,0.0007869017075977747,-0.18145000369416275
91,-0.11796635859137633,-0.0457432360172617,0.05064689205625359,-0.06225565819906906
92,-0.21949707624504067,-0.2202588596950446,0.050525473825455726,-0.18754039579227103
93,-0.11585561747727324,-0.000754953912565276,0.06729528931448855,-0.050175727245800036
94,-0.05572870460857726,0.04692146233394782,0.06893187648543986,-0.00441968626728308
95,-0.09622448493103913,0.006647508956577529,0.066954083421617,-0.05122772458832929
96,0.14616123255695124,0.1201122856636582,0.08533561308137237,0.11324162146049242
97,0.20855912239292335,0.01206575446237701,0.07953012219759935,0.2037376704999305
98,0.24805872658682268,0.2789150713432659,0.08487796847903742,0.2527254507892605
99,0.2880826501758632,0.2168912293101523,0.09131192460295769,0.21259706290011082
100,0.23261415636617858,0.23138988341132236,0.0779501155300967,0.23616178653804212
101,0.3930342867899951,0.4361348428204427,0.09779096252082717,0.33022481425749534
102,0.45984189948593124,0.3075433736587044,0.09429176738691898,0.3996985471972928
103,0.4707049101849526,0.2829306880430723,0.07917686419706209,0.35454914395471515
104,0.5891756691614236,0.31285375394798676,0.08990706106847016,0.40106026577859044
105,0.6973916844002429,0.5726864723764046,0.07193770143264942,0.5572751704900866
106,0.8943686880910748,0.42633140092953237,0.07250132458003199,0.5110402216369786
107,0.7688358729588121,0.7707569661870425,0.07231894464714791,0.573770441819458
108,0.8194229029214297,0.4264999351542623,0.09403685596377948,0.49677255287979666
109,0.8249869379734691,0.8421674390774697,0.10353082062137853,0.6929970195724365
110,0.6756197480889017,0.7297715210115219,0.10303028144647565,0.6639731366114572
111,0.8960567082667051,0.7333751297793707,0.11938560743048139,0.8034830218628917
112,0.9319495639306867,0.7210739698293548,0.14718975841082765,0.7436374796683533
113,1.1953554961634871,0.8460604166999229,0.1583459645378649,0.9082072897465162
114,0.9486835755533742,0.830949314596675,0.1585530169347325,0.6652842988349992
115,1.0126625212197347,0.9715226053631729,0.13231629228772931,0.797117610689664
116,0.9892596407524286,0.8969422818075228,0.11101401902622186,0.7465261211283035
117,0.8816755416126518,0.9226634552446007,0.1049095249391285,0.7075763324549761
118,1.1142018275031307,0.8911172095226502,0.09271928089594283,0.8345727418583094
119,1.0720466088402631,0.9393108069621208,0.0889798548362339,0.8120079885911582
120,1.0684614413276863,0.990950463539572,0.09011285333417605,0.7505734398737606
121,0.886528922764928,0.8019184390312349,0.10070670842131067,0.7413768475819733
122,1.1015138289732043,0.8484498962320133,0.09929673286012884,0.7715140786412417
123,0.8005454504005451,1.0654703489707402,0.10902676573665288,0.7536815262443827
124,0.9747329484618957,1.0136286408360116,0.11031625403285528,0.9172224507758211
125,1.1063396706756923,0.9810510845892317,0.07080692270577785,0.8156773156764501
126,0.7555452755752116,1.0017020296899546,0.052020214829402764,0.5621729135231562
127,0.7614771242910915,1.0325268992038512,0.04913846371497046,0.6860241135556896
128,0.7879453387472986,0.9392089507272563,0.02494456885814831,0.7357722501133843
129,0.6840495324624936,0.9082881912522812,0.0369431434580724,0.7198172250095753
130,0.5324848720064485,0.9961721512377918,0.06755816010494635,0.5171282336729301
131,0.6445069782582232,0.8667783494347151,0.09193339713889268,0.6255086345491306
132,0.4786868215191511,0.9910578675299768,0.08766453972028852,0.5309281561236237
133,0.5769442787850396,0.7632161096887277,0.11747906245728756,0.5356353670753888
134,0.37995761547380524,1.0172987119678836,0.1204524116013298,0.6514760709983854
135,0.5671119257435105,0.9402660929303808,0.11371069217896901,0.5132294127669057
136,0.2721806429243627,0.8950004637812128,0.10144263890815022,0.4375659714529039
137,0.25513008001204035,0.941884693452711,0.09539324517838767,0.4525937556657826
138,0.30424163583721464,0.9822725445716146,0.08762970880756309,0.5186178392985716
139,0.034366909926671796,0.8872327237654742,0.09103803325507283,0.3064600364175375
140,0.11406322901516225,0.5698148312101402,0.09424951287607013,0.2622284934210423
141,0.15548970088160058,0.5921667317382241,0.0943104332791384,0.25467452824700565
142,-0.2026247803296195,0.6220648086732388,0.10304919667406541,0.11937323883423034
143,-0.0898789046832443,0.6498669993338069,0.12686212216979223,0.15823345811760783
144,-0.1483385017981373,0.6601172165791668,0.14585320487861872,0.18411514954320768
145,-0.1613544859525849,0.4953497919733483,0.11615524550962064,0.07267822691545445
146,-0.42737762248568617,0.5447541938288132,0.06507682281158154,-0.018392168836773505
147,-0.49852479056035603,0.40737764842060553,0.08376322103636703,-0.11175959723097188
148,-0.37545335758274034,0.37739554727519553,0.0564256470680586,-0.0069203726565913865
149,-0.4572174799374387,0.25241646388011857,0.05193033903020493,-0.14506741917806712
150,-0.5189718258547821,0.25431199322393544,0.02852807850901774,-0.2661383226687509
151,-0.564064477339676,0.16415319377307377,-0.007511530242582656,-0.17119251155073284
152,-0.7187400130163235,0.15367251728452253,0.0033177243215131045,-0.3578913215016333
153,-0.6766493178774421,0.3079341917377283,0.01850082752756604,-0.2749325528443303
154,-0.7165951847180985,0.05843397315467004,0.006970619513031653,-0.3691563412122165
155,-0.8600514240258611,0.3670325637029921,-0.044850226329866544,-0.2601640835094654
156,-0.6412490179711781,0.10328721065073868,-0.055775115294916196,-0.4075770795482854
157,-0.8159754975808657,0.02246523582356713,-0.04793903518686527,-0.25394855839773606
158,-1.0141857307585855,-0.13183790365765832,-0.07751726656234785,-0.5093448493357572
159,-0.8571200607494235,-0.02583990543559868,-0.07385006816676473,-0.4399200699322863
160,-1.04386392386084,-0.20306381643239094,-0.07415626515022464,-0.6004270599209965
161,-0.8871029859477623,-0.18256451846662525,-0.06257043515820288,-0.49655723180262645
162,-0.8650766721657511,0.012464300091088315,-0.06017882778991981,-0.41477869019456615
163,-1.0737711435387194,-0.3013200639638915,-0.07964020660755092,-0.6109488529825344
164,-0.9017260441106669,-0.224227528355267,-0.055708776574261085,-0.5014928125765934
165,-0.9587121138570536,-0.45606557996481056,-0.05887936803480048,-0.6234725704621676
166,-0.9152679849794263,-0.43487569402031695,-0.059425458824999125,-0.6098487134761744
167,-0.800846921048806,-0.2988474714697586,-0.07809081800646304,-0.5132595297492988
168,-1.0037165407516044,-0.5819853598954622,-0.08695646303029324,-0.7035905849681336
169,-1.0388525659821557,-0.38010696620537854,-0.10465251731083126,-0.5977003714715046
170,-1.0324510699780372,-0.531236709139276,-0.10811143850929973,-0.6675409993186182
171,-1.0009095541612194,-0.6974139447190285,-0.07387726890645287,-0.8714738460108229
172,-0.8987832037705775,-0.6154792734144604,-0.10131529176508,-0.6215034034361548
173,-0.8247434844912431,-0.617320935900019,-0.13358651972261482,-0.6145485172242116
174,-0.7951595150357069,-0.6864656493756791,-0.10416311317274264,-0.6252875127874006
175,-0.7004245213329877,-0.9378681555947949,-0.10834958671577997,-0.6726685473425327
176,-0.7386775623775785,-0.8838067316441429,-0.1217310414889783,-0.6026213729805272
177,-0.5481716770613907,-0.8640648979466342,-0.10093294774105675,-0.5061155743567541
178,-0.6704569090385163,-0.8728785521511168,-0.11304525853579404,-0.6583449552629324
179,-0.31957932667878497,-0.8273270370225134,-0.07652506426485532,-0.40294017294289086
180,-0.4740061832239342,-0.8933601617913515,-0.06296654683806993,-0.5661872862440508
181,-0.5648814628970653,-1.0641233617155386,-0.07272477500098398,-0.6852036032028377
182,-0.5267189095842637,-0.9097018170305157,-0.029578610735673916,-0.5735215832779196
183,-0.30998204071251023,-0.9014268934478551,-0.04169290919574069,-0.3906379966106219
184,-0.3175836426752918,-0.9188645766110597,-0.02685100175555455,-0.3921651424032704
185,-0.1595337164919589,-0.8766871009118614,-0.02086515014742471,-0.3212917475441581
186,-0.11828041299095496,-0.9088331099977129,0.00516967564055125,-0.2945014150242813
187,-0.10682173026267383,-0.9512874229423682,0.0363998995750883,-0.30570819774328184
188,-0.1177106433381862,-1.0067096131810713,0.03703998255640364,-0.3855342888732814
189,-0.11786167524744978,-1.165778034581784,0.021971625149479968,-0.38267379573466703
190,0.05547649033987065,-0.9542103342831199,0.031171068008262293,-0.21227016525196407
191,0.2518279548305737,-0.9714011913729896,0.01761676061322017,-0.12426846138328726
192,0.2529191995145594,-0.9575299720745897,0.05788450556375263,-0.08977682217861452
193,0.17122914540732323,-1.1024194022570204,0.060615212185407386,-0.1975730131763098
194,0.3761001207835897,-1.0704705338721365,0.05330878115916521,-0.10485693316093393
195,0.4586987747995246,-0.8422645186447029,0.057002387276463375,0.04157802117746547
196,0.39129958431266065,-0.9343817874904188,0.030059861485869446,-0.0799788347560744
197,0.5524449843311562,-0.8427970893706249,0.010627580715656415,-0.018584851063863993
198,0.5978943865518229,-0.8863593150123146,0.03463585887454492,0.031813222349937914
199,0.5301470625138722,-0.8622370173934973,0.02149797329511701,-0.026543111542412144
200,0.7297302706118844,-0.7452431484788526,0.0005597536414782178,0.107645227741863
201,0.7964543425892722,-0.8624376577888841,0.011292808692023941,0.13452850216059978
202,0.8918160286796764,-0.7709561024750855,0.03500689178528388,0.18200156590437122
203,0.9285451428281126,-0.7945796903033511,0.04938595799858522,0.22037777944081602
204,0.7213948780607868,-0.7577152747704319,0.06930691171470155,0.05256350559451489
205,0.7975591051905677,-0.7093110628207092,0.05417100994331234,0.2074851211063805
206,0.9710648789771352,-0.618613040431622,0.025734796608475462,0.30515576044888726
207,0.9950742645353258,-0.6495321145744496,0.055761469647585195,0.27297536027143554
208,1.0151421054656307,-0.4354086448698766,0.04930787287074248,0.41977231726762115
209,1.3645709066825833,-0.6083698241796929,0.04429121254164154,0.5555112554770401
210,1.047696406764187,-0.4942240924121284,0.07085509537862271,0.3093740015157308
211,1.111072448819882,-0.4749492731965146,0.08197969556663591,0.39131114263600314
212,1.095392828083858,-0.2406404023364564,0.09109745100826805,0.45526666605328076
213,1.0631657778469417,-0.3190815917267239,0.13439749790628974,0.4157427559312684
214,0.96009969782094,-0.18810482777448206,0.12152713329868688,0.4893975693344502
215,1.05671791653593,-0.39166945986472723,0.14008393586031162,0.4291836005419689
216,0.8883752550955204,-0.16762487986840893,0.14122419835825328,0.40891926119335764
217,0.9225224749223864,-0.056097587226218174,0.14659604393551842,0.3735580518600938
218,0.8740107445652088,-0.08720045207340825,0.17716541246376905,0.478049220663797
219,0.9029785860791363,0.06098952472231143,0.18732212758956152,0.44528765623150024
220,1.0945257246353703,-0.04730314702198643,0.1980880491705542,0.5756861595585165
221,0.6407676433651728,0.1953335908387721,0.21953819591675022,0.43676038501547765
222,0.8568780864127677,0.33412583922762196,0.2122391413258925,0.6391575530317815
223,0.5842363398277082,0.1175288150851247,0.1954549479791124,0.3010267840792583
224,0.6522584583666327,0.15845461167867325,0.17455876409869173,0.25760175771561533
225,0.7591828998538535,0.39702809778352455,0.1352316323111717,0.5349386829619033
226,0.6046629393738167,0.4577025578500862,0.17635577490997814,0.5649389510994725
227,0.4357497196371988,0.29476582651311145,0.1542916075955445,0.3991102469386136
228,0.4148683179278029,0.3514721846383052,0.14986653512382905,0.3533320921438901
229,0.4950719837581463,0.4107679203415032,0.14433026912605063,0.3750506125251319
230,0.29289149218121746,0.3488597076495781,0.15047840308223265,0.3215554688337942
231,0.3247642157038998,0.43458993143340807,0.1667931473330186,0.2774404067633526
232,0.24351904831855115,0.4678755530927667,0.18400261710021348,0.32274060197495924
233,0.1085836777143013,0.5319239488288057,0.1723410683288347,0.27361074512989064
234,0.32214806123197665,0.6441278499151978,0.16899863405310647,0.44112260777611295
235,0.10467676658046725,0.7082917916372055,0.17465023306287247,0.4377389693395236
236,-0.2278816026053093,0.8754825282722465,0.16967641053920154,0.20226003764579795
237,-0.07326141875073888,0.6543585295207488,0.2018233220596014,0.17459333260740054
238,-0.2242166793673361,0.8845025359886978,0.21164282109236646,0.19429226972181482
239,-0.13822375092277264,0.7945830079020428,0.2263403768133628,0.1260773070274432
240,-0.36715539050833546,0.8389075877672488,0.23959800218671107,0.08127852495889623
241,-0.36253409662285685,0.9370987789308658,0.26306747933641755,0.13201195932945964
242,-0.36215916950323435,0.7809339093530925,0.2666879105104917,0.08033375025967926
243,-0.385846466981454,0.9528038178168224,0.24075127155137477,0.1486859097662808
244,-0.6501168403625098,0.9502788648959428,0.24874503058642758,-0.03134675121429659
245,-0.6188474658321693,0.9996159734684885,0.235717892710591,0.09365617103280363
246,-0.685601213464043,0.9936494822773917,0.22514555907559586,0.00033370301222503324
247,-0.7533139662316377,1.2222130735749535,0.23687283945069773,0.03691649078987602
248,-0.5582534183594701,0.9224183038537319,0.2616385008793704,0.03353174632661271
249,-0.737853907438203,0.9401368823170064,0.26206393241409165,-0.026713568348232287
250,-0.9445356485914498,0.9354842265361042,0.2682405926660709,-0.09671952456829774
251,-0.7631200367674473,0.9443182925692997,0.3022848915587757,-0.08116406308672365
252,-0.6753514138802411,0.9356958727703532,0.30709995514854704,-0.028452778533068046
253,-0.8130380280627596,1.1154067536591574,0.35913361743215494,-0.015256565886034829
254,-1.0928682035174657,1.1331352966132386,0.37044381034478585,-0.1996982968794649
255,-1.0098208991661821,0.926112817672644,0.3352285551616695,-0.20099378623503886
256,-0.8509013664895791,0.8895970083870126,0.3502953875837601,-0.11232354688916675
257,-1.060211170993227,1.0071876652130825,0.3579185552814157,-0.11264611584076925
258,-0.9525181232269732,0.8896377337317635,0.38371361036307056,-0.11949695297124717
259,-0.9224634760933977,0.9906054904990267,0.3971772373884697,-0.07493514785091969
260,-1.0912042702421716,0.927739083535326,0.3944081177087942,-0.14585388841033056
261,-0.998611916076813,0.7337386983127159,0.3699221529830069,-0.2120685073679602
262,-1.3065240861602065,1.0157171365953126,0.36574168783728644,-0.2558753220376077
263,-1.0702094943908085,1.0140559222633154,0.34873127875310045,-0.16630280241241435
264,-0.9741013130574401,0.7446050885920122,0.33712080975700603,-0.18297685052973373
265,-1.050481058770515,0.7365153141356896,0.3488923778454182,-0.26364539245604607
266,-0.7352071419990118,0.7713357117761601,0.38229046793244637,-0.18168562179399006
267,-1.0102163172816445,0.7418020681612871,0.390183898528906,-0.21124471659597013
268,-0.8761077306216967,0.7380475108207512,0.36626623728820235,-0.0722489578019855
269,-0.7802334593955622,0.8353700991834947,0.3751582906526052,-0.018163271700132044
270,-0.6068599178650647,0.5772259405604869,0.3990909203855182,-0.0021741184577240766
271,-0.8489167064502356,0.4741749650294961,0.38689526229913057,-0.14302027516613197
272,-0.540223719359566,0.3737720696516962,0.38421491896567217,-0.07670437544306787
273,-0.6038095163043254,0.3950312979379178,0.3845086828602561,-0.09662784682845638
274,-0.6485892649270383,0.42006184716328576,0.36881071659861125,-0.15539652976652868
275,-0.4473881428609942,0.5570223574490721,0.38177632527548844,0.003964258057969728
276,-0.41465965251454967,0.2790537480454299,0.37935736230333283,-0.016953671894422234
277,-0.4336237540359779,0.30561511505487754,0.3877480111814734,0.012616481593209813
278,-0.3039984633329295,0.23330752893254791,0.36999816762543136,-0.014979653245664089
279,-0.28550502142279693,0.30491539234661924,0.3612490016189631,-0.0015375559261906618
280,-0.17051966287813963,0.38943046079519583,0.37569662877551857,0.10673503049742251
281,-0.04974804762844827,0.03396972228767137,0.36823996573368317,0.08902522346526964
282,0.1090660407361678,-0.011785559460995819,0.4027792427583513,0.059360460274778315
283,-0.1066716396830335,0.09158338109859045,0.39478651904605927,-0.06171254935958967
284,0.2969827828582542,0.005397426038549383,0.39928021356109694,0.20243981947833214
285,-0.04533157028929785,0.07207693993976788,0.41793203019855873,0.021508081581285247
286,0.2002305901727928,-0.10372161796712187,0.3895647155398981,0.12150474292187391
287,0.3388156910922217,-0.2471590877806224,0.35434853930028254,0.15874081113110708
288,0.3714141155933987,-0.20075187314452492,0.32383541300888063,0.16758615800396737
289,0.3428506561296179,-0.19688506758703184,0.3490870950774243,0.25480060352772155
290,0.4443141930980913,-0.27287604866896864,0.33804993215957535,0.22424150661038614
291,0.47376567169181305,-0.3504785789953708,0.3892139178729404,0.2246057637024248
292,0.5197447606391763,-0.3398174224533502,0.37792896589979263,0.2646233039657117
293,0.7166859530262737,-0.3737182619701708,0.38161999196373336,0.26560984042579383
294,0.7176651686646403,-0.3953684874853649,0.4124621910150909,0.37467006566074224
295,0.6598807102710755,-0.5103162803234385,0.4525840487782734,0.2635740664673879
296,0.8631001441973738,-0.6320642909864062,0.49381412031100136,0.374217639727026
297,0.8444036895947664,-0.6393082674456964,0.5179814449228641,0.28041279189623936
298,0.9318785417040312,-0.5703212840682902,0.5384626954390934,0.32484748641854394
299,0.9466947959153398,-0.807931221847503,0.5503132344231171,0.38192516118929387
300,0.8300457496354203,-0.7228205819715313,0.5658804559464499,0.33017326772041655
301,0.8820844538328196,-0.8305732280572692,0.5548567416198792,0.2577390291053294
302,1.033821424761154,-0.8179386121991866,0.538492763951433,0.3357445274473729
303,1.0368575443103223,-0.7204900506350391,0.5384252748032139,0.4662385511460307
304,0.9861234378607129,-0.8546270762090897,0.5350215823527154,0.28420731789480624
305,1.007948981093981,-0.8923111868866739,0.5259570213661698,0.4236061864170205
306,1.1275593897215117,-1.0539163945122851,0.5398847703153041,0.3105506938377377
307,0.939770540143853,-0.8619870136216483,0.5589908744867144,0.35500693716319404
308,1.0483341615375636,-0.888404498773073,0.5607590122125513,0.3533666097919209
309,0.9636874293752267,-0.7505861052155112,0.5903096138336565,0.4048891774438084
310,0.9480495462107766,-1.0092312863141844,0.5674758315509864,0.2575448534156207
311,1.0612976190781465,-0.9656346912369831,0.563602642365392,0.345539285337442
312,1.0113368689760434,-0.9692392568127396,0.5492661959533359,0.3267958554046531
313,0.9833950477115568,-0.8405752720826449,0.5119354636118747,0.2918026621642863
314,1.0018332146691746,-1.009497846588035,0.5102818498950207,0.33716484060818724
315,0.838756022699332,-0.9712144341027003,0.5078468997273551,0.20392238274074773
316,0.8665041477501746,-0.9349779579016345,0.5381158945921977,0.24895186965603555
317,0.7253886616038416,-0.9712688183147697,0.5507321282832932,0.13174264223372292
318,0.7435778581548267,-1.0262609050614373,0.5302483917967091,0.041843652978558465
319,0.6497332570281047,-0.951442824650051,0.5673302431233929,0.1433484416137072
320,0.6210890445818509,-0.8502963053374075,0.5917509170338999,0.294436585177129
321,0.6168307560613526,-1.0447250166866013,0.6033928711032722,0.15490666164025158
322,0.4189425520911202,-0.9108358326584419,0.5988631891262757,0.055030145086562954
323,0.6512281185264335,-0.9738943441735584,0.5796744043918061,0.1362360954290971
324,0.28064875350497,-0.7618678274697502,0.572230268870385,0.02733337692623926
325,0.1973989119235015,-1.0089784363072198,0.5940052412644687,-0.05783707091876093
326,0.37077969894389345,-0.885697982797808,0.631696967383161,-0.013020792656205676
327,0.2691529451917314,-0.7631565804653326,0.6625618379486048,0.09385795077943049
328,0.18657264916538813,-0.6133955576186377,0.6527848495128792,0.07559369297174079
329,0.12061758921204706,-0.7436687102994467,0.630392500847099,-0.0008040320289939493
330,-0.010075986575095338,-0.7579170101720334,0.633210225785323,-0.0838472642416067
331,-0.16517176943050627,-0.47782909702677956,0.597841438474066,-0.1053854932437743
332,-0.1341257065948018,-0.7726294252880103,0.6043047927577616,-0.14434766053391065
333,-0.2750525917579699,-0.8080226190623484,0.6013527410317883,-0.23007182670426293
334,-0.1745335514988327,-0.5029845177889023,0.5920320109944235,-0.1374577644342535
335,-0.35025172374838326,-0.5546681445811891,0.5601379496490876,-0.25817880396357584
336,-0.4801054028006841,-0.5628018691244339,0.5704099517804818,-0.28971845701847654
337,-0.48993770497849426,-0.34490735139510376,0.5597559349872436,-0.15903886333557016
338,-0.47471550378539484,-0.34538819248605324,0.5363575982730379,-0.2956580437666009
339,-0.6282981103899612,-0.3792771665869081,0.47891235400740484,-0.4055259976571941
340,-0.7075237500642724,-0.40319377791868644,0.4783620559063921,-0.3708095551646378
341,-0.651530955193886,-0.13952387471911143,0.513807087839787,-0.26231683735191813
342,-0.6989980989333728,-0.11278895332724954,0.5470322721307443,-0.265262197820192
343,-0.8185698117948891,-0.13832169100041355,0.5378903469990189,-0.33100568390233975
344,-0.8559485468640002,0.10598550487292643,0.5258461057917834,-0.3021695135435058
345,-0.823015410439407,-0.1357641069618024,0.5352215909132838,-0.27069944719548333
346,-1.0246449393728443,-0.13131370891882788,0.515253882129518,-0.5287110048599928
347,-1.0502900473170496,0.001989353728878096,0.5212897201259072,-0.4617151247536922
348,-1.0070543373197824,0.11638499829292437,0.5366113256936011,-0.36645214204074605
349,-0.9780659263810354,0.19473868805860653,0.5611499901712873,-0.4005407992963866
350,-0.9428912310097558,0.19531635742582637,0.5591469086416883,-0.30981404677039587
351,-0.8393799364256935,0.30313223732210604,0.555073433638149,-0.1346621020021842
352,-0.909698499293818,0.190589812500199,0.5375137819030177,-0.28912522510144767
353,-1.0155845699895605,0.5071480776240037,0.5209761748222205,-0.23991758145720082
354,-1.0011776129268966,0.400677621559623,0.5164465969841899,-0.34010443885735236
355,-1.0947746217671834,0.5657214258386196,0.5237939071205135,-0.30373017210987696
356,-0.9872002325205136,0.5322287374261858,0.5420655996451785,-0.2442781941195622
357,-1.0006643096358772,0.5863512536360085,0.5260020206315716,-0.23511212943863344
358,-0.9216586117605914,0.6390209804253427,0.5558557920107621,-0.09386966360035202
359,-1.0145474632554965,0.6667286215771305,0.5504333199899107,-0.16928392812037066
360,-0.8536437105825064,0.7245889842308346,0.5500059741029419,-0.15501686304826603
361,-0.7220351615358449,0.829940456041688,0.5350617405199855,0.007302143070181276
362,-0.8520269366787249,0.7516436147790938,0.48657693531452667,-0.07829390941788972
363,-0.7630845544840607,0.836028570817578,0.5042578432417476,0.02712531457765592
364,-0.6927774289675646,0.7873789008632006,0.5189947211835964,0.07265093434031585
365,-0.7570654891061442,0.9695980006266864,0.513368170041232,-0.03573441994821324
366,-0.6465005721969825,0.7851173219249461,0.5147079843857295,-0.025316368204378464
367,-0.6166451271483081,1.0578894211977885,0.5250267687398115,0.05117072358741398
368,-0.5543860795638043,0.896624377320334,0.49377585160208054,0.07884845077926511
369,-0.5851975687761687,0.7781563252643992,0.48319479805515464,0.06080499152458306
370,-0.4469319916770703,0.9523353352393349,0.49908009164759115,0.21141734889223865
371,-0.3390730804880645,0.8873624633335553,0.47399430318420616,0.18767350821074943
372,-0.1815207653252181,1.0530865478379223,0.4798654618275387,0.30514629789153325
373,-0.16701908590807873,0.9148923080414715,0.4527338257350706,0.2890928142178532
374,0.017229251691449843,0.9442189993726677,0.46206242538374115,0.3425356656527723
375,-0.209086506386578,0.8060943279418255,0.4613495957377915,0.3340319004215556
376,0.021205569705972413,0.9535417246623026,0.4290469594196813,0.3020916427797103
377,0.01892630515422468,0.7576119687342661,0.45234174650882475,0.3364521214439433
378,0.28618836584724217,0.8403376848949294,0.43764991497286376,0.5839057823481546
379,0.052695620004671206,1.071001198913633,0.42144486623257615,0.43227713515094063
380,0.11527741366128116,1.0672846340517523,0.425456250177195,0.4534133953315305
381,0.2041492568400672,1.0225240126145765,0.4484289971657693,0.48064536049703904
382,0.11536458034610922,0.872104845094289,0.4281125607862013,0.3959166717704612
383,0.337388136311271,0.950434025158193,0.42934615778316076,0.6083359309935521
384,0.3745273281200195,0.938860092787814,0.4379224877897723,0.44591309388783307
385,0.5239557118784334,0.8050515019718552,0.45178459993503517,0.6705219115825964
386,0.5993066569922993,1.0505936849240194,0.4553134310405797,0.6346962625589642
387,0.8064521060416278,0.9651058018673425,0.4479728742589132,0.7690197519710785
388,0.7648320092755831,0.830195906482498,0.4314210698459388,0.6962967695367955
389,0.6600781228189054,0.8277733718762027,0.4331439475068663,0.6944275259622228
390,0.672716983344767,0.8166532506086994,0.4117011672671542,0.5837884827142369
391,0.8531524361102132,0.5603825418365989,0.35327415759726205,0.6884544454296359
392,0.7097674320711739,0.7066683573934371,0.3620053536804154,0.7405007751540438
393,1.0590269563963246,0.6281896534715897,0.3800840505021393,0.7258284841104266
394,1.024024055687485,0.5594874523839704,0.3328254017913025,0.7559086522977138
395,0.8853359110621243,0.5931520190923193,0.31263078769710373,0.6500406099083481
396,0.7829716415836093,0.7610904644993878,0.3250138729172077,0.7061100950347143
397,1.1074642536496697,0.6040128595916684,0.3661637823114417,0.8091261300354112
398,0.9740962110436673,0.44006789589292555,0.3665796564649499,0.6603100601304858
399,1.1184264050751842,0.5104585888552344,0.35201959764036717,0.8071483129657896
400,0.8398775799006615,0.5480176054719922,0.34836166881827035,0.7442338108449196
401,0.9396186363560406,0.45440718856893825,0.375859197201234,0.6717581246025837
402,0.9958754748833772,0.3208639446799516,0.3629399136187433,0.7027728006768319
403,0.9914219860549994,0.20237722905565575,0.34695607348573815,0.5611517285477858
404,0.9287063856197482,0.28839569914662166,0.3373012030420975,0.5705103243213796
405,1.018660921639253,0.20887804769783344,0.3182346308769233,0.6592611151983802
406,0.8280278954694318,0.2095812370452,0.32068803719681915,0.6152317277144379
407,0.8948129164811964,0.13381140883682252,0.3531816063662104,0.57596686960417
408,0.891302624821914,0.12530611486361648,0.35964319182853094,0.5395188837095904
409,0.8970327085986518,-0.08316692967113483,0.35459612178600525,0.4944500700263542
410,0.8793092956968744,0.052175839284892514,0.34875989640769434,0.462538992216958
411,0.6546521434517433,-0.10952489809047058,0.3174960802337612,0.38819358466325105
412,0.5692653368537084,0.028843082237791973,0.3351582757767044,0.40443390136970314
413,0.8027941301398808,-0.29655331884246017,0.3336015318364483,0.35654685914283796
414,0.6576085366143506,-0.10242072093294216,0.3299919335646358,0.34057433135224474
415,0.49610518736539916,-0.3039186881129699,0.393854084921533,0.24894171571571763
416,0.6701091112536987,-0.43573512619908633,0.39982914308884676,0.262463859582863
417,0.4683134355734787,-0.4649391783081595,0.384793322086943,0.168326997980389
418,0.5143985186287494,-0.4935014352353414,0.37626617016283215,0.2893881522346645
419,0.3411820454118698,-0.46281279285507704,0.3992350843467672,0.09924291668146541
420,0.47698058079606775,-0.4954457114207184,0.4015004925575225,0.15223966788226176
421,0.38171188373278164,-0.6462300954484497,0.37273493299117516,0.039156809548333005
422,0.11563738938269037,-0.6309545455457863,0.3911195116826793,-0.016034168060858
423,0.17142254067979684,-0.4523800713342083,0.3777566299718994,0.016487366273110676
424,0.0722047354791358,-0.5302746404553149,0.4152225854962503,-0.07240415921384781
425,0.07789792764896185,-0.694061234504714,0.43682354681054325,-0.01583949555117399
426,-0.22182797215443956,-0.7667140478417489,0.4278771088973683,-0.18437262842458896
427,-0.12254403714487128,-0.7894061724601881,0.45349743613207055,-0.2374155613710132
428,-0.15027105418520853,-0.7689493114354836,0.4548545463426186,-0.30817640882275643
429,-0.4958139105265096,-0.9593968484455659,0.471910019845063,-0.39096832133606585
430,-0.5006708433507815,-0.9075293812836585,0.4816046761909525,-0.46050479211029793
431,-0.6469745582655293,-1.0711202504540824,0.464677543091135,-0.512356565692624
432,-0.5287299844650298,-0.8845494626535936,0.4518065464447858,-0.5378737126252275
433,-0.4865436871690898,-0.8776514148099521,0.47240576279640906,-0.36745624855328335
434,-0.46209041408330565,-1.0062334521316532,0.4657102561542782,-0.5003317879143322
435,-0.6562244061709899,-0.8136656385518346,0.4576372868894383,-0.4441462313198314
436,-0.549131702885693,-1.1043632350935109,0.4385348353024512,-0.5174542015185879
437,-0.8951995338483878,-1.1364925553593273,0.4470068166143204,-0.7468431411789602
438,-0.9693597225951294,-0.9734036619697821,0.48825731499918334,-0.6994013125350017
439,-0.8428584476770256,-0.8944436865704863,0.46690665671409787,-0.5620650756190041
440,-0.8334593604156137,-0.8315680572488504,0.46739104584755303,-0.5674271655571897
441,-0.9058240830195946,-1.0441571809480112,0.49563545695586164,-0.6378114553794041
442,-1.13597765276706,-0.8862134475861321,0.4940426291309473,-0.6362223056074058
443,-0.9606958842307445,-0.9912604680278078,0.503090065055942,-0.7553201500980786
444,-1.100552683757671,-0.9955324314005894,0.48184219449300436,-0.6717070036519801
445,-0.9171503478585128,-0.8783186232061061,0.49040833643715737,-0.6187712967274961
446,-0.9570974108606765,-0.8874510365589265,0.4866654511370664,-0.6923901285867593
447,-1.092969783579685,-1.093940035381072,0.5063800510506636,-0.8399065734809807
448,-1.0511547911950054,-0.7699240155592715,0.5301277720819586,-0.659985065387744
449,-1.10203397785425,-0.75855267870541,0.5819190449223309,-0.6161164779580589
450,-0.994299533820179,-0.9358609102444684,0.5935117083866025,-0.6655831543249862
451,-0.8800467649561872,-0.8082843059311657,0.6000276347182458,-0.4869454008014268
452,-1.05732875352379,-0.7709024397392151,0.6039153207497925,-0.7117108290362789
453,-0.8872870887484967,-0.7646285444385884,0.5968519948935788,-0.5542661561194119
454,-0.965487117998638,-0.8141405710429319,0.6036216717628126,-0.6688810681802919
455,-0.9624643732150815,-0.7927891472873345,0.5977136435600321,-0.5813446079504863
456,-0.8606720818747838,-0.692885283300717,0.6010828630854244,-0.4736406838056571
457,-0.9165089927265785,-0.5360345748100248,0.6274348137975835,-0.5146159957308327
458,-0.8277534780707922,-0.5602921333550265,0.6073039624919907,-0.5907142793748625
459,-0.8481485570904784,-0.6115219438342009,0.6301015337145716,-0.47156314761276047
460,-0.4846245146374918,-0.45566314926856294,0.6564438350613689,-0.2258855075003655
461,-0.6272809559088762,-0.7747279870474513,0.6540824645215473,-0.39502764341627916
462,-0.6476875952449902,-0.3308134304071228,0.6116453665413754,-0.23896964384524919
463,-0.5006581151226265,-0.5743636608917901,0.5994889267994867,-0.35629305445140536
464,-0.4753105827788912,-0.3903378875366722,0.6254288177307089,-0.195660088831783
465,-0.4261346052763873,-0.4188772431663441,0.6249714564847312,-0.1541108086672519
466,-0.2807857849478975,-0.3884277457847019,0.6049854118388329,-0.22485351304191858
467,-0.20309615698967434,-0.0942789998516611,0.5948899134142686,0.005128795528467078
468,-0.26730265505694045,-0.20800808445537802,0.6117023139443597,-0.09892228162659526
469,-0.20628809577624646,-0.07706085094608775,0.6226369853083873,-0.005811039765354386
470,-0.11000450082739513,-0.06659735188233895,0.6178583433249933,0.06597403686351624
471,-0.2461179790736603,0.035759464847962545,0.6105218550886996,-0.014588207270379072
472,-0.10080074490780033,0.045728102675796016,0.6026866921078232,0.0500699928123227
473,0.25382468050414997,-0.0403578723749656,0.5842384884178532,0.23336029709755718
474,0.3475325003307164,0.23724366088658982,0.616546002207242,0.31388625192964337
475,0.22321740936578666,0.13757297874591148,0.6100995928230152,0.22060926042701054
476,0.3697596422777795,0.08015483108454752,0.6344427632395251,0.3697834872599842
477,0.40582527910381566,0.2412764789990822,0.6648690842779742,0.35082969834929456
478,0.7435199443663245,0.4817288762666806,0.6848353022409335,0.6865613205568137
479,0.6065855299032095,0.46341101400066,0.6762028959865725,0.6006862129918148
480,0.5386349220936139,0.38931379389621107,0.6842774977933047,0.4366767623348013
481,0.5102214019774041,0.4339831778426544,0.6837935856654863,0.48818613885781287
482,0.49678824050522996,0.4803033559226326,0.6657195484508837,0.5853345068719501
483,0.7265158207670567,0.7624186719052966,0.6722067340853158,0.6773665822151964
484,0.6761335986271078,0.6338278604983639,0.6486259382621198,0.6347201320000176
485,0.6518025613640471,0.6780401461324784,0.672379526031351,0.686892274390632
486,0.7681021968835271,0.7758787337215309,0.663087180085383,0.7886016800394292
487,0.7596364552567164,0.7328619355688858,0.66711037320284,0.7205219386373671
488,1.0676817676621806,0.7174393481141029,0.6727761306337627,0.8537524046574916
489,1.0143139963754735,0.7562111490367198,0.6675980311596813,0.9386584422156142
490,0.948420475061278,0.7992493679708483,0.6793319071891868,0.9367964125496098
491,1.1160626883537048,0.8312350264634727,0.6698338340567364,0.9903115214663312
492,0.9903547081289014,0.9341810023924008,0.6872597800058813,0.9171495179115984
493,0.906673486803069,0.8909203380214523,0.6603401864009463,0.8122675960061132
494,1.150887525314633,0.9810836054777531,0.6628677779918745,0.960820179571189
495,1.0538028644757331,0.9195727118497263,0.7016463579730402,0.9692282226506804
496,0.8930815801842575,0.9530140331797802,0.6816397314809286,0.8896928573866827
497,0.9702380541500584,0.7604742059220491,0.6680848320704317,0.9169581849130517
498,0.889780687053783,1.0646705664982477,0.6783629890636099,0.9324866159158947
499,0.8227909937860831,1.0179980835212592,0.6819546247024019,0.7780318318019087
500,1.0331473313819277,1.0910038228494385,0.688967226687873,1.034265638769516
501,1.1067512669378319,0.7069533591549052,0.6987509692908263,0.8553088037078321
502,0.7471641141514234,1.2083015243289683,0.7114453986620617,0.859163030509197
503,0.9105882087606885,0.9858921082881895,0.7336393955011862,0.910299626279623
504,0.7527019976142592,1.1085572630648821,0.7418357686397564,0.9570687059437437
505,0.728895514815885,0.8891424711249398,0.7370106155473856,0.9340885496551696
506,0.6747557034660497,1.0473222213442202,0.7504620895714402,0.8320030890073881
507,0.6007220692367627,0.8711504429661937,0.7884597282693444,0.7102382822260891
508,0.6420466184491831,0.9021215502085692,0.785807053341693,0.7755464673795284
509,0.5013418268294779,1.1414972848448033,0.7663164672482802,0.7907661636115279
510,0.5561283686980076,0.9142468719875874,0.7884580806340196,0.6939964807942244
511,0.4663541150085611,0.935946560268646,0.7860504573549477,0.76093168485148
512,0.3876841239118523,0.979813174831785,0.742597066434667,0.6478089656519652
513,0.2591950027525024,0.918746168332586,0.7595454999776754,0.5820176063261318
514,0.22909191280672123,0.8584189555324007,0.748838936258597,0.5551356429175233
515,0.2978517882381734,0.8519642473071225,0.7470282706125139,0.575000152964449
516,0.20696031381084812,1.0258625419467342,0.7536678772238942,0.6039195199577037
517,-0.007027935612752778,0.7478485467148178,0.7574778708194755,0.34147351104461793
518,0.034116728824127814,0.7399261404916225,0.7716669071622563,0.3654545002947004
519,0.032670677620227385,0.7892883191063326,0.7629571797508595,0.35070555884360055
520,-0.2758714189021485,0.7574719156244386,0.7732192957143812,0.2659247859101449
521,-0.12057376961623051,0.7267018343109958,0.7680283621627028,0.3502761630933297
522,-0.3063739738483592,0.6314316270144622,0.7828045717804528,0.21569205884384393
523,-0.24718677272332215,0.41139931366186305,0.795111921460714,0.2425734136964175
524,-0.44335589032203704,0.6458701825552143,0.7764031474198221,0.12708393814805788
525,-0.6086708795626029,0.32351364813533556,0.7981227897433227,-0.014219704612410608
526,-0.650187278749212,0.42293774978777915,0.7874035208410417,-0.0953166540770296
527,-0.5397093389552723,0.2707911530812236,0.8035646768066647,-0.04725937331565619
528,-0.5732111990421169,0.29248407170517243,0.8109104230746915,-0.001901405516279528
529,-0.7416186759295877,0.28370622657323785,0.847674096610594,-0.07370754513354652
530,-0.6364382389962016,0.23427084193220934,0.8432047769631571,-0.09399525890901565
531,-0.9124486818718124,0.19512709812397042,0.8362184410407931,-0.23402248588345978
532,-0.7955882004565654,0.2647237940098356,0.8358300489230385,-0.22710463957476482
533,-0.9492601052972903,0.09886541381616995,0.8297664532663529,-0.29686859789085407
534,-0.9288410194731719,-0.020878115394154923,0.8457652913051938,-0.25701172791780436
535,-0.8905794090089402,0.049962987405865834,0.8134390791364622,-0.2388527416500896
536,-1.009044756892025,0.022634132046703476,0.792365430753535,-0.31422576661223406
537,-0.985042400707943,-0.26870015364893357,0.7710093723219512,-0.4164406876252133
538,-0.8653354965715209,-0.1354610480131365,0.7900155241614227,-0.31494979992600797
539,-1.0387403086943554,-0.17385756265117286,0.8242277916130613,-0.4396979217935897
540,-0.9082096422366015,-0.32189515906983546,0.8221388072423117,-0.3513041863806622
541,-1.1110709969105919,-0.2020019043753637,0.8187623727785115,-0.43133494799273325
542,-0.9470069929909094,-0.40116316676418534,0.8201634160407751,-0.4052188209169153
543,-0.853274905387858,-0.4192197921550246,0.8434009820929389,-0.4100249360552276
544,-1.237609185679788,-0.49362523064340214,0.8248539194091273,-0.7095885241446512
545,-1.0587468829447413,-0.5181102071108115,0.829621299063823,-0.4640246082051647
546,-0.905613011755707,-0.67134678457067,0.8491252516594716,-0.5083273637175804
547,-0.9636077924116442,-0.7463715225008116,0.8591471350582686,-0.5770247141465679
548,-0.8819807894305269,-0.4820574838998857,0.8629387673902434,-0.37834594081148076
549,-0.9512026627484435,-0.7637422451505663,0.8829596892415863,-0.5477326990670308
550,-0.8498962692365988,-0.8140262037252959,0.8288950433816015,-0.45038016785723667
551,-0.8380596873782823,-0.9642799934849553,0.8424525497722196,-0.508973034301349
552,-0.6659963073846737,-0.8450192078240647,0.8293710361096711,-0.38645124265759806
553,-0.7141372694209475,-0.9436616625447666,0.792758378172542,-0.5499132433994219
554,-0.6593381256281935,-0.6753528581755834,0.8029824301630416,-0.3110812349648434
555,-0.6847258299692461,-0.7646759075361531,0.8304556010663008,-0.39261204047051607
556,-0.6398793869690536,-0.9584122000539806,0.827706630773747,-0.4603858843082818
557,-0.5793289929302747,-0.6860696044469765,0.8467641217178057,-0.3189631300885566
558,-0.4392007043505852,-0.8325748473677244,0.8790096868775785,-0.3823826306550102
559,-0.4611905836946237,-0.9803463517390132,0.9053079759492594,-0.3232049616051304
560,-0.32869892499470216,-1.212546437800924,0.9381072665366872,-0.39196051593939446
561,-0.08713152163571372,-0.7458482486295683,0.952949816358125,-0.14436378642727904
562,-0.14324515539505206,-1.1237995436155979,0.9544584891361569,-0.29398870226586854
563,-0.19762257065636396,-1.156820369839128,0.9224191728982136,-0.20573914295078138
564,0.021171734666104947,-0.8949814656785097,0.9174979231356146,-0.10587215742801698
565,-0.07324702156334865,-0.7557287050611583,0.9006329912292906,-0.0065291385583386985
566,-0.16959764239468827,-0.8612433614311582,0.944051845579247,-0.18115153366345704
567,-9.153409923988443e-05,-0.9407477728742992,0.9405341293306003,-0.17953117092543697
568,-0.02030727501796284,-0.932638964897922,0.94299822546629,-0.15717190388253297
569,0.19693445473323856,-0.8992687880568648,0.9540279329870994,0.08128275854732664
570,0.2982104166283405,-0.8987524167419814,0.9548999819145485,0.0626645707776522
571,0.5269783796030207,-0.934124959505628,0.9888010027231635,0.15359753766992465
572,0.4533970039460814,-0.93701770856157,0.9763480154884745,0.14886370379490402
573,0.45829472755737255,-0.9365227476695891,0.9802401645932193,0.1693277092048307
574,0.620512399300029,-0.9861603355738149,0.9653907528792582,0.2633561903488447
575,0.3714370476021239,-0.917055390806275,0.9389903026548442,0.17082492858479464
576,0.6684581887557238,-1.034285564239727,0.9267549208367385,0.19130597698383725
577,0.7714642604746998,-0.8486638209712267,0.9260141848957701,0.2500334366210341
578,0.5929151441947403,-0.9094323066868245,0.917428140405425,0.18644025011624404
579,0.898254092118986,-0.8906494545217195,0.9035797208079478,0.37566217919371103
580,0.8573506324383381,-0.7300681145736526,0.8754533715345112,0.336557609843445
581,0.8179358551382985,-0.5747545537000063,0.8737912600819372,0.36344226773078264
582,0.9548880596520689,-0.5862358592443273,0.8436968526013172,0.48750203665049396
583,1.1468631422412519,-0.7975355020480979,0.8588979718751092,0.5035178973026959
584,0.9620780065303228,-0.7002652971381884,0.8605467669337993,0.4447086172810441
585,0.9886174449141215,-0.46653946342128433,0.8313957369445006,0.48270126408457215
586,0.9334813527989713,-0.61677817082081,0.8252115554035033,0.43522950052365494
587,0.9057037078341428,-0.4976095421797947,0.8101684272916917,0.41939101950805613
588,1.0805910005622297,-0.37557019487417476,0.8165519175000753,0.6354447458751168
589,0.914386363742197,-0.48176281358692247,0.8433609264205383,0.533098989815317
590,1.0051459222235302,-0.3277816603564593,0.8058574770276233,0.47310056529844735
591,0.9437842405376293,-0.42426698149918346,0.8081579986105717,0.45976808253155343
592,1.0286033976174156,-0.30281940783804157,0.804955342699239,0.5096204822426391
593,0.998869978757345,-0.16191608124229737,0.8183821442282482,0.582035397131288
594,1.049766577052698,-0.3039206445148902,0.822646076793002,0.5940644120409644
595,0.8713168137641399,-0.050939316010253366,0.8076066901582256,0.5094156891257127
596,0.867539156010423,-0.04707867083717947,0.8012256114448932,0.5337981083867706
597,0.764884272107448,0.06011876709096562,0.7853050943088234,0.5073409164387035
598,0.7827322400460175,0.07723367575648055,0.8068252370807955,0.5862646366360591
599,0.8256176254802875,0.24109171895358905,0.8072514700542343,0.6500538392888798
